Ticker,Nome,Settore,Tipo,Valuta,MarketCap,PE_Trailing,PE_Forward,PEG,PriceToBook,EV_EBITDA,EBITDA,ProfitMargin,ROE,ROA,DebtToEquity,DividendYield,Beta,High52w,Low52w,EPS,RevenueGrowth,LastUpdated
AAPL,Apple Inc.,Technology,EQUITY,USD,4913422663680.0,38.608944,35.132553,2.67,45.743206,29.384,167959003136.0,0.27618998,1.4875101,0.27082002,78.445,0.32,1.069,345.34,243.42,8.72,0.164,2026-10-08 01:38 UTC
ABB,,,,,,,,,,,,,,,,,,,,,,2026-10-08 01:38 UTC
ABBV,AbbVie Inc.,Healthcare,EQUITY,USD,479524913152.0,76.43943,16.68704,0.55,-80.78594,17.68,30762999808.0,0.098000005,,0.105100006,,2.59,0.228,274.94,190.75,3.55,0.102,2026-10-08 01:38 UTC
ADBE,Adobe Inc.,Technology,EQUITY,USD,90594082816.0,12.996651,8.411363,0.58,7.736564,9.251,9916999680.0,0.28048,0.61902,0.20075001,57.693,0.0,1.415,363.7,190.12,17.91,0.129,2026-10-08 01:38 UTC
ADI,"Analog Devices, Inc.",Technology,EQUITY,USD,198710607872.0,48.703087,25.084229,0.63,5.9226737,29.692,6922700800.0,0.29787,0.12227,0.06406,27.314,1.05,1.231,445.91,223.47,8.42,0.396,2026-10-08 01:38 UTC
AEP,American Electric Power Company,Utilities,EQUITY,USD,66460033024.0,21.157713,17.80412,2.21,2.0716455,13.356,9029000192.0,0.13781999,0.10130999,0.029790001,160.789,3.12,0.469,140.58,112.54,5.77,0.07,2026-10-08 01:38 UTC
ALNY,"Alnylam Pharmaceuticals, Inc.",Healthcare,EQUITY,USD,30028105728.0,37.84317,17.993855,0.29,22.163952,28.171,1054537984.0,0.16126,0.96555,0.123430006,220.623,0.0,0.269,495.55,197.81,5.93,0.669,2026-10-08 01:38 UTC
AMAT,"Applied Materials, Inc.",Technology,EQUITY,USD,413186523136.0,44.922348,28.19537,1.05,16.123688,40.502,10154999808.0,0.30052,0.41068,0.15482001,28.666,0.4,1.591,739.67,203.4,11.59,0.248,2026-10-08 01:38 UTC
AMD,"Advanced Micro Devices, Inc.",Technology,EQUITY,USD,1054350311424.0,164.7602,41.0803,0.66,15.679638,109.341,9562000384.0,0.15577,0.10196,0.05128,6.361,0.0,2.454,658.52,188.22,3.92,0.501,2026-10-08 01:38 UTC
AMGN,Amgen Inc.,Healthcare,EQUITY,USD,223324258304.0,25.65714,16.878864,2.43,19.106382,15.441,17268000768.0,0.22951001,0.91473,0.08667,490.281,2.5,0.407,447.03,288.0,16.1,0.095,2026-10-08 01:38 UTC
AMZN,"Amazon.com, Inc.",Consumer Cyclical,EQUITY,USD,2803578699776.0,20.9107,24.833685,1.52,5.0809293,17.359,168911994880.0,0.1744,0.30558002,0.06589,45.617,0.0,1.456,287.2,196.0,12.43,0.196,2026-10-08 01:38 UTC
ANET,"Arista Networks, Inc.",Technology,EQUITY,USD,272210132992.0,68.085175,41.48989,1.61,18.395124,55.795,4639600128.0,0.38371,0.31476,0.14119,,0.0,1.605,217.3183,114.52,3.17,0.377,2026-10-08 01:38 UTC
ARGX,argenx SE,Healthcare,EQUITY,USD,57737613312.0,35.38262,26.738218,1.14,172.45709,896.788,1612902016.0,0.32265,0.23635,0.11635,0.558,0.0,-0.043,1072.75,661.85,26.24,0.593,2026-10-08 01:38 UTC
ARM,Arm Holdings plc,Technology,EQUITY,USD,314386743296.0,303.4742,96.11265,2.48,36.42742,292.361,1063699968.0,0.20247999,0.13352999,0.05415,5.62,0.0,3.789,452.7,100.02,0.97,0.224,2026-10-08 01:38 UTC
ASML,ASML Holding N.V. - New York Re,Technology,EQUITY,USD,693285093376.0,58.583576,30.997402,1.14,1567.8137,2855.064,13488400384.0,0.30114,0.53942,0.16454001,9.092,0.49,1.302,1999.96,935.41,30.81,0.213,2026-10-08 01:38 UTC
ATO,Atmos Energy Corporation,Utilities,EQUITY,USD,26904670208.0,18.976162,17.629982,1.93,1.7632792,13.988,2624299008.0,0.28496,0.09792,0.03893,67.662,2.5,0.567,192.51,154.72,8.39,0.048,2026-10-08 01:38 UTC
AVGO,Broadcom Inc.,Technology,EQUITY,USD,1797319426048.0,46.36823,19.413918,0.37,18.030361,35.07,52259999744.0,0.42944,0.44245,0.15369001,59.604,0.69,1.476,495.0,289.96,8.12,0.855,2026-10-08 01:38 UTC
AXP,American Express Company,Financial Services,EQUITY,USD,205463011328.0,18.461773,15.089207,1.22,5.990942,,,0.16141,0.34377,0.037920002,172.38,1.25,1.085,387.49,290.97,16.48,0.128,2026-10-08 01:38 UTC
BA,Boeing Company (The),Industrials,EQUITY,USD,148842496000.0,67.25715,45.63309,1.36,24.40643,-61.355,-2900000000.0,0.025910001,1.73537,-0.01984,790.875,0.0,1.257,254.35,176.77,2.8,0.08,2026-10-08 01:38 UTC
BABA,Alibaba Group Holding Limited,Consumer Cyclical,EQUITY,USD,266188718080.0,25.90799,11.590769,0.51,1.596042,1.964,99512999936.0,0.07039,0.0636,0.015620001,23.928,0.96,0.463,182.5,91.99,4.13,0.086,2026-10-08 01:38 UTC
BAC,Bank of America Corporation,Financial Services,EQUITY,USD,374251913216.0,12.360277,10.190733,0.85,1.3603783,,,0.29524,0.111990005,0.00969,,2.37,1.214,65.23,46.12,4.33,0.168,2026-10-08 01:38 UTC
BHP,BHP Group Limited,Basic Materials,EQUITY,USD,216584667136.0,22.07772,18.234182,5.95,4.250798,7.749,29902999552.0,0.16734,0.24002,0.13434,50.473,4.55,0.82,98.71,52.18,3.86,0.183,2026-10-08 01:38 UTC
BIDU,"Baidu, Inc.",Communication Services,EQUITY,USD,29038133248.0,,11.190727,0.77,0.7145774,-0.037,23396999168.0,-0.02895,-0.0139,0.01195,38.258,0.0,0.585,165.3,83.95,-2.24,-0.042,2026-10-08 01:38 UTC
BIO,"Bio-Rad Laboratories, Inc.",Healthcare,EQUITY,USD,9837509632.0,46.63118,37.101166,4.01,1.3712854,21.745,441000000.0,0.085889995,0.0311,0.01663,19.103,0.0,1.068,396.23,236.73,7.89,-0.001,2026-10-08 01:38 UTC
BLK,"BlackRock, Inc.",Financial Services,EQUITY,USD,173789413376.0,25.601484,16.668997,0.9,2.877639,15.627,11116000256.0,0.24089001,0.122779995,0.03737,23.192,2.12,1.421,1219.94,917.39,41.78,0.306,2026-10-08 01:38 UTC
BNTX,BioNTech SE,Healthcare,EQUITY,USD,23927216128.0,,-17.228653,0.05,1.1974047,-7.807,-1380800000.0,-0.63638,-0.09300999,-0.0541,1.78,0.0,1.252,124.0,79.52,-7.83,-0.595,2026-10-08 01:38 UTC
BP,BP p.l.c.,Energy,EQUITY,USD,114639568896.0,21.712194,8.34369,0.05,7.883457,13.114,39197999104.0,0.02549,0.08868,0.05037,95.123,4.48,-0.196,48.27,32.72,2.05,0.482,2026-10-08 01:38 UTC
CAT,"Caterpillar, Inc.",Industrials,EQUITY,USD,374097215488.0,35.033577,25.094168,1.51,19.28827,25.432,16250999808.0,0.14511,0.56972003,0.090299994,232.783,0.76,1.58,1073.46,491.3,23.23,0.24,2026-10-08 01:38 UTC
CDNS,"Cadence Design Systems, Inc.",Technology,EQUITY,USD,98072952832.0,70.7992,37.221066,2.75,14.3008585,46.009,2155915008.0,0.23605,0.23229,0.10613,38.661,0.0,1.128,416.69,262.75,5.03,0.242,2026-10-08 01:38 UTC
CGNX,Cognex Corporation,Technology,EQUITY,USD,10296981504.0,58.85577,30.191675,2.71,6.3187776,37.266,267406000.0,0.16051,0.111490004,0.07126,4.448,0.51,1.483,72.88,34.6,1.04,0.169,2026-10-08 01:38 UTC
CIB,Grupo Cibest S.A.,Financial Services,EQUITY,USD,22128705536.0,11.289156,8.091257,0.43,0.0021106226,,,0.17572,0.19218999,0.021289999,,4.14,0.438,105.6,52.28,8.3,0.26,2026-10-08 01:38 UTC
CL,Colgate-Palmolive Company,Consumer Defensive,EQUITY,USD,69521440768.0,34.334644,21.281008,1.59,294.62836,15.303,4983000064.0,0.096829996,2.67367,0.15838,1388.163,2.43,0.322,99.33,74.55,2.54,0.049,2026-10-08 01:38 UTC
CME,CME Group Inc.,Financial Services,EQUITY,USD,97183481856.0,22.923664,20.860266,4.7,3.661401,20.703,4771100160.0,0.63443,0.15802,0.01481,14.587,1.92,0.27,329.16,218.31,11.79,0.008,2026-10-08 01:38 UTC
CNP,"CenterPoint Energy, Inc (Holdin",Utilities,EQUITY,USD,25380491264.0,22.798815,18.458368,1.95,2.1654584,12.862,3854000128.0,0.11611,0.09825,0.029979998,210.256,2.49,0.459,45.26,36.37,1.69,0.107,2026-10-08 01:38 UTC
COP,ConocoPhillips,Energy,EQUITY,USD,155981660160.0,17.19735,13.423748,1.09,2.3868964,6.407,26780000256.0,0.144,0.1418,0.07533,35.639,2.6,0.244,141.62,85.57,7.55,0.355,2026-10-08 01:38 UTC
COST,Costco Wholesale Corporation,Consumer Defensive,EQUITY,USD,417667383296.0,45.387764,37.688885,4.71,11.665696,28.201,14359000064.0,0.03043,0.28402,0.087910004,23.953,0.63,0.87,1096.5,844.06,20.76,0.111,2026-10-08 01:38 UTC
CRM,"Salesforce, Inc.",Technology,EQUITY,USD,184812879872.0,20.545288,14.016865,0.8,4.815577,16.729,12899000320.0,0.2199,0.19381,0.05704,110.417,0.78,1.256,269.11,146.32,10.93,0.108,2026-10-08 01:38 UTC
CRSP,CRISPR Therapeutics AG,Healthcare,EQUITY,USD,5061860352.0,,-14.968604,,2.8972273,-6.784,-513174016.0,0.0,-0.26095,-0.14204,44.874,0.0,1.759,78.48,44.12,-4.74,10.414,2026-10-08 01:38 UTC
CRWD,"CrowdStrike Holdings, Inc.",Technology,EQUITY,USD,271793274880.0,5308.8,165.28947,7.2,53.26912,2504.538,106861000.0,0.00834,0.01461,-0.0078100003,15.958,0.0,1.197,286.99,85.68,0.05,0.258,2026-10-08 01:38 UTC
CVX,Chevron Corporation,Energy,EQUITY,USD,402422923264.0,19.744946,13.997154,0.91,2.119318,8.619,50661998592.0,0.09834,0.12231,0.05861,18.959,3.43,0.523,217.78,146.49,10.39,0.535,2026-10-08 01:38 UTC
CW,Curtiss-Wright Corporation,Industrials,EQUITY,USD,18803324928.0,35.06198,29.675148,2.0,6.7879095,23.1,843086016.0,0.14811,0.19746,0.08494,41.482,0.19,0.883,808.16,502.43,14.52,0.054,2026-10-08 01:38 UTC
DDOG,"Datadog, Inc.",Technology,EQUITY,USD,97431412736.0,542.68,91.22328,1.44,22.303139,1130.605,82897000.0,0.044770002,0.04696,0.0018000001,29.259,0.0,1.512,292.72,98.01,0.5,0.356,2026-10-08 01:38 UTC
DE,Deere & Company,Industrials,EQUITY,USD,177108844544.0,36.51306,28.923664,1.58,6.327557,27.302,8600000512.0,0.10168,0.18242,0.03759,230.298,0.95,0.872,721.22,433.0,17.99,0.049,2026-10-08 01:38 UTC
DUK,Duke Energy Corporation (Holdin,Utilities,EQUITY,USD,90055606272.0,17.394579,16.10571,2.15,1.6752241,11.114,16616999936.0,0.15995,0.098570004,0.028369999,162.155,3.75,0.345,134.49,112.4,6.64,0.011,2026-10-08 01:38 UTC
EMR,Emerson Electric Company,Industrials,EQUITY,USD,88812912640.0,34.840263,21.9047,1.86,4.358013,16.581,6057999872.0,0.13828,0.128,0.068969995,67.677,1.38,1.207,166.35,122.64,4.57,0.07,2026-10-08 01:38 UTC
EOG,"EOG Resources, Inc.",Energy,EQUITY,USD,75642355712.0,11.2225685,9.401441,1.27,2.3782902,5.449,14494999552.0,0.25733,0.22507,0.11017,25.891,2.83,0.371,154.16,101.59,12.85,0.587,2026-10-08 01:38 UTC
ETN,"Eaton Corporation, PLC",Industrials,EQUITY,USD,167528562688.0,43.87894,26.549757,2.7,8.271425,28.348,6639000064.0,0.12752,0.19684,0.07052,105.059,0.99,1.128,478.0,311.92,9.83,0.214,2026-10-08 01:38 UTC
EXC,Exelon Corporation,Utilities,EQUITY,USD,42745237504.0,15.253677,13.6556635,2.24,1.4421272,11.213,8354999808.0,0.10989001,0.09711,0.028110001,177.362,4.03,0.402,50.65,39.73,2.72,0.099,2026-10-08 01:38 UTC
FANUY,Fanuc Corporation,Industrials,EQUITY,USD,35960070144.0,32.79661,28.880596,2.6,2.993768,-2.917,242942492672.0,0.20131999,0.10049,0.060700003,,1.72,0.938,27.54,14.75,0.59,0.177,2026-10-08 01:38 UTC
FCX,"Freeport-McMoRan, Inc.",Basic Materials,EQUITY,USD,103192223744.0,35.399017,16.743362,4.54,5.1317573,12.726,9553999872.0,0.113850005,0.14755,0.07585,32.149,0.83,1.389,80.24,38.54,2.03,-0.073,2026-10-08 01:38 UTC
FLEX,Flex Ltd.,Technology,EQUITY,USD,44091408384.0,46.07722,16.909718,0.94,8.014774,22.221,2123000064.0,0.03325,0.18378,0.044159997,107.818,0.0,1.658,166.86,53.07,2.59,0.206,2026-10-08 01:38 UTC
FTNT,"Fortinet, Inc.",Technology,EQUITY,USD,138877321216.0,66.88339,50.10363,2.11,89.53642,52.149,2595800064.0,0.28173,1.17442,0.14166,36.194,0.0,1.037,192.41,73.55,2.83,0.256,2026-10-08 01:38 UTC
GD,General Dynamics Corporation,Industrials,EQUITY,USD,88372092928.0,19.928616,17.553675,2.05,3.2893252,14.079,6632999936.0,0.08179,0.17803,0.06079,35.335,1.92,0.329,400.0,306.77,16.39,0.081,2026-10-08 01:38 UTC
GE,GE Aerospace,Industrials,EQUITY,USD,315024736256.0,35.804245,33.364723,3.93,17.85895,28.349,11482999808.0,0.17716,0.48231998,0.05065,113.225,0.61,1.374,388.84,268.91,8.48,0.211,2026-10-08 01:38 UTC
GOOGL,Alphabet Inc.,Communication Services,EQUITY,USD,4286592319488.0,17.586554,23.255753,1.24,6.8865924,24.156,173164003328.0,0.54771,0.48676,0.12958999,18.859,0.25,1.211,408.61,235.84,19.93,0.242,2026-10-08 01:38 UTC
GRAB,Grab Holdings Limited,Technology,EQUITY,USD,12601209856.0,28.0,22.564102,0.64,1.85654,24.783,343000000.0,0.16028,0.077410005,0.0070200004,28.224,0.0,0.908,6.439,2.74,0.11,0.219,2026-10-08 01:38 UTC
GS,"Goldman Sachs Group, Inc. (The)",Financial Services,EQUITY,USD,258330181632.0,13.7020855,12.209349,1.13,2.4505246,,,0.31039,0.16902,0.010720001,725.381,2.23,1.284,1153.99,740.01,64.75,0.425,2026-10-08 01:38 UTC
HDB,HDFC Bank Limited,Financial Services,EQUITY,USD,113788379136.0,14.283871,15.91386,1.01,8.970731,,,0.26787,0.13838,0.0175,,1.82,0.412,37.45,21.77,1.55,0.166,2026-10-08 01:38 UTC
HEI,Heico Corporation,Industrials,EQUITY,USD,41337446400.0,49.296665,41.015785,2.08,8.354659,30.075,1474066048.0,0.16375999,0.17728001,0.085039996,45.034,0.08,1.088,376.86,256.11,6.0,0.231,2026-10-08 01:38 UTC
HII,"Huntington Ingalls Industries, ",Industrials,EQUITY,USD,10271597568.0,15.534565,12.485907,0.81,1.933639,11.277,1170000000.0,0.05013,0.12968001,0.042779997,55.252,2.09,0.21,460.0,256.79,16.78,0.109,2026-10-08 01:38 UTC
HON,Honeywell International Inc.,Industrials,EQUITY,USD,65958383616.0,7.6821704,21.146017,3.48,3.5582266,10.813,8512000000.0,0.21581,0.46577,0.0572,185.369,1.32,0.888,260.28317,195.86786,27.09,0.043,2026-10-08 01:38 UTC
HUBS,"HubSpot, Inc.",Technology,EQUITY,USD,11275777024.0,78.66786,13.079592,0.26,6.6022243,63.084,156663008.0,0.042579997,0.07892,0.023610001,14.3,0.0,1.235,497.96,169.63,2.8,0.198,2026-10-08 01:38 UTC
IBM,International Business Machines,Technology,EQUITY,USD,207750053888.0,19.60089,16.771717,2.09,6.030135,16.086,16472999936.0,0.15522,0.34460998,0.053039998,188.97,3.05,0.724,332.46,199.19,11.25,0.011,2026-10-08 01:38 UTC
IBN,ICICI Bank Limited,Financial Services,EQUITY,USD,99998081024.0,16.197674,14.887887,0.52,2.5300393,,,0.27531,0.16073999,0.021070002,,0.89,0.261,33.03,25.08,1.72,0.114,2026-10-08 01:38 UTC
ILMN,"Illumina, Inc.",Healthcare,EQUITY,USD,40431763456.0,49.955223,43.834793,3.38,14.246343,36.182,1155000064.0,0.18336001,0.32339,0.086660005,89.042,0.0,1.416,309.35,88.0,5.36,0.094,2026-10-08 01:38 UTC
INFY,Infosys Limited,Technology,EQUITY,USD,42731126784.0,13.024692,12.445001,1.79,8.884211,18.586,4481999872.0,0.16370001,0.32,0.15297,9.541,4.96,0.116,30.0,10.3,0.81,0.029,2026-10-08 01:38 UTC
INTU,Intuit Inc.,Technology,EQUITY,USD,79433228288.0,18.058323,10.978223,0.92,4.200441,11.776,6848999936.0,0.21289,0.23596,0.1047,44.34,1.9,1.009,689.17,252.84,16.46,0.137,2026-10-08 01:38 UTC
IQV,"IQVIA Holdings, Inc.",Healthcare,EQUITY,USD,42484903936.0,32.06335,17.866104,0.95,6.884585,18.632,3048000000.0,0.08096,0.22818,0.05061,257.975,0.0,1.174,277.4,154.5,8.05,0.087,2026-10-08 01:38 UTC
ISRG,"Intuitive Surgical, Inc.",Healthcare,EQUITY,USD,146440814592.0,47.536694,34.22569,1.88,8.07433,33.81,4180800000.0,0.28445998,0.17423001,0.10512,,0.0,1.463,603.88,328.57,8.72,0.185,2026-10-08 01:38 UTC
JBTM,JBT Marel Corporation,Industrials,EQUITY,USD,5412308480.0,28.273712,11.30505,1.22,1.2055836,10.945,637400000.0,0.04903,0.0437,0.0313,37.545,0.37,0.939,170.19,104.02,3.69,0.049,2026-10-08 01:38 UTC
JD,"JD.com, Inc.",Consumer Cyclical,EQUITY,USD,36504014848.0,18.9021,6.446708,0.48,1.1032499,-1.421,11797999616.0,0.01126,0.06787,0.00191,37.294,3.77,0.318,35.11,24.508,1.43,-0.029,2026-10-08 01:38 UTC
JNJ,Johnson & Johnson,Healthcare,EQUITY,USD,622838284288.0,29.947857,21.356558,2.67,7.32485,18.672,34872000512.0,0.21482,0.25742,0.08595,57.709,2.1,0.206,281.07,184.66,8.63,0.066,2026-10-08 01:38 UTC
JPM,JP Morgan Chase & Co.,Financial Services,EQUITY,USD,876084985856.0,14.120822,13.167646,1.53,2.4779146,,,0.34921002,0.17789,0.0136,,1.99,1.015,366.5,279.1,23.34,0.304,2026-10-08 01:38 UTC
KLAC,KLA Corporation,Technology,EQUITY,USD,256864419840.0,53.778687,29.353998,1.89,40.516674,42.68,6054757888.0,0.35574,0.87496,0.20799999,96.88,0.47,1.447,307.37,98.097,3.66,0.152,2026-10-08 01:38 UTC
KO,Coca-Cola Company (The),Consumer Defensive,EQUITY,USD,369244766208.0,25.771772,24.345133,3.91,10.21545,23.491,16997999616.0,0.28558,0.42054,0.09401,115.519,2.46,0.318,92.49,66.0,3.33,0.067,2026-10-08 01:38 UTC
LHX,"L3Harris Technologies, Inc.",Industrials,EQUITY,USD,43505324032.0,23.55141,17.237055,1.18,2.1874855,13.259,4142000128.0,0.08172,0.0934,0.04384,52.753,2.1,0.505,379.23,233.01,9.92,0.084,2026-10-08 01:38 UTC
LLY,Eli Lilly and Company,Healthcare,EQUITY,USD,1060030775296.0,39.90332,24.97707,1.12,31.280458,26.507,41706999808.0,0.33528998,1.02286,0.20357001,162.071,0.6,0.453,1292.65,783.85,29.79,0.477,2026-10-08 01:38 UTC
LMT,Lockheed Martin Corporation,Industrials,EQUITY,USD,115215360000.0,18.401033,15.272,0.96,13.095325,13.632,9680000000.0,0.08163,0.89165,0.08638,234.238,2.71,0.095,692.0,437.25,27.13,0.105,2026-10-08 01:38 UTC
LRCX,Lam Research Corporation,Technology,EQUITY,USD,412356870144.0,57.206596,28.009676,1.55,33.0601,47.547,8641328128.0,0.31272,0.65066004,0.22840999,33.049,0.4,1.854,438.5,131.02,5.76,0.3,2026-10-08 01:38 UTC
LTIM,,,,,,,,,,,,,,,,,,,,,,2026-10-08 01:38 UTC
MA,Mastercard Incorporated,Financial Services,EQUITY,USD,499378225152.0,31.356436,24.758509,1.48,89.12758,23.08,22200999936.0,0.46339,2.41202,0.24063,439.583,0.61,0.76,601.23,464.52,18.18,0.141,2026-10-08 01:38 UTC
MCD,McDonald's Corporation,Consumer Cyclical,EQUITY,USD,163380281344.0,18.755484,16.746452,2.45,-159.66806,14.545,14929999872.0,0.3172,,0.1325,,3.32,0.447,341.75,229.2,12.31,0.037,2026-10-08 01:38 UTC
MCHP,Microchip Technology Incorporat,Technology,EQUITY,USD,42365538304.0,114.73529,17.02174,0.24,6.56734,31.533,1506099968.0,0.0934,0.0719,0.03536,83.688,2.24,1.759,105.91,48.52,0.68,0.38,2026-10-08 01:38 UTC
MDB,"MongoDB, Inc.",Technology,EQUITY,USD,29199202304.0,504.2083,46.204895,1.67,9.823037,1940.821,13854000.0,0.02116,0.01989,-0.0022200001,1.846,0.0,1.748,473.1,215.68,0.72,0.305,2026-10-08 01:38 UTC
MELI,"MercadoLibre, Inc.",Consumer Cyclical,EQUITY,USD,94943952896.0,46.436398,33.09538,1.01,12.119436,26.312,3892000000.0,0.052950002,0.27504,0.0431,168.586,0.0,1.308,2428.0,1495.0,40.33,0.498,2026-10-08 01:38 UTC
META,"Meta Platforms, Inc.",Communication Services,EQUITY,USD,1837541621760.0,27.17822,20.664398,0.98,7.035798,16.959,109654999040.0,0.29834998,0.29848,0.14591,42.997,0.28,1.185,779.82,520.26,26.54,0.28,2026-10-08 01:38 UTC
MMYT,MakeMyTrip Limited,Consumer Cyclical,EQUITY,USD,4083086592.0,217.05,17.486546,5.39,-60.62849,27.771,175546000.0,0.03227,28.68745,0.029930001,,0.0,1.065,96.6,32.67,0.2,0.062,2026-10-08 01:38 UTC
MPWR,"Monolithic Power Systems, Inc.",Technology,EQUITY,USD,70076932096.0,86.73844,40.77099,1.11,17.989126,68.663,1000281984.0,0.24500999,0.21979,0.13573,0.486,0.54,1.681,1714.09,833.18,16.44,0.476,2026-10-08 01:38 UTC
MRK,"Merck & Company, Inc.",Healthcare,EQUITY,USD,352287424512.0,113.32539,15.07916,2.59,8.406334,13.824,28871000064.0,0.047659997,0.06961,0.11868,128.408,2.4,0.222,156.92,82.01,1.26,0.051,2026-10-08 01:38 UTC
MRNA,"Moderna, Inc.",Healthcare,EQUITY,USD,78441865216.0,,-44.14547,,11.5951605,-33.982,-2195000064.0,-1.41427,-0.38998002,-0.13256,19.036,0.0,1.095,212.22,22.28,-7.98,0.021,2026-10-08 01:38 UTC
MS,Morgan Stanley,Financial Services,EQUITY,USD,297952149504.0,15.32391,13.981701,1.65,2.7980413,,,0.25897,0.17969999,0.01345,517.282,2.41,1.214,232.25,151.84,12.38,0.28,2026-10-08 01:38 UTC
MSFT,Microsoft Corporation,Technology,EQUITY,USD,3933757243392.0,29.513092,22.374153,1.72,8.893814,20.52,194237005824.0,0.40305,0.34039003,0.14088,29.118,0.74,1.099,553.72,349.2,17.95,0.177,2026-10-08 01:38 UTC
MU,"Micron Technology, Inc.",Technology,EQUITY,USD,1228779814912.0,14.637427,5.273044,0.16,12.195259,10.944,108842999808.0,0.63796,0.8826,0.44557,3.743,0.06,2.226,1255.0,179.61,74.33,3.793,2026-10-08 01:38 UTC
NEE,"NextEra Energy, Inc.",Utilities,EQUITY,USD,160745472000.0,17.316854,17.553612,1.59,2.8136408,19.125,14593000448.0,0.32401,0.11677,0.024430001,161.676,3.2,0.639,98.75,74.41,4.45,0.124,2026-10-08 01:38 UTC
NET,"Cloudflare, Inc.",Technology,EQUITY,USD,122124656640.0,,204.61896,2.38,75.3449,-33654.074,-3610000.0,-0.082100004,-0.14425999,-0.02037,217.858,0.0,1.645,370.35,158.83,-0.58,0.359,2026-10-08 01:38 UTC
NKE,"Nike, Inc.",Consumer Cyclical,EQUITY,USD,51035209728.0,16.519232,20.199646,1.47,3.4277732,10.994,4893000192.0,0.0674,0.21563,0.06893,73.095,4.74,1.099,70.44,31.97,2.08,-0.043,2026-10-08 01:38 UTC
NOC,Northrop Grumman Corporation,Industrials,EQUITY,USD,67261157376.0,15.049587,15.549789,3.63,3.760962,11.303,7255000064.0,0.104820006,0.26958,0.07148,95.348,2.05,-0.112,774.0,470.06,31.46,0.051,2026-10-08 01:38 UTC
NOW,"ServiceNow, Inc.",Technology,EQUITY,USD,142538555392.0,86.16875,27.543646,0.99,11.388567,50.51,2896999936.0,0.11336,0.14244,0.04249,67.538,0.0,0.99,192.966,81.24,1.6,0.24,2026-10-08 01:38 UTC
NU,Nu Holdings Ltd.,Financial Services,EQUITY,USD,75262132224.0,21.342464,13.789441,0.72,5.6799126,,,0.42728,0.31628,0.049629997,,0.0,0.955,18.98,11.2,0.73,0.521,2026-10-08 01:38 UTC
NVDA,NVIDIA Corporation,Technology,EQUITY,USD,5734188187648.0,30.021492,14.921518,0.29,25.041655,28.305,201266003968.0,0.63663,1.17211,0.53572,16.971,0.42,2.216,243.37,164.27,7.91,1.059,2026-10-08 01:38 UTC
NVO,Novo Nordisk A/S,Healthcare,EQUITY,USD,168893218816.0,9.354523,11.501758,4.33,5.0469923,1.523,173677002752.0,0.35347,0.59815,0.18729,63.327,4.79,0.384,64.16,35.12,4.09,0.021,2026-10-08 01:38 UTC
OKTA,"Okta, Inc.",Technology,EQUITY,USD,38110961664.0,131.3253,49.788967,1.56,5.46544,111.729,321000000.0,0.09632,0.043130003,0.01579,0.76,0.0,0.733,226.44,62.66,1.66,0.106,2026-10-08 01:38 UTC
ON,ON Semiconductor Corporation,Technology,EQUITY,USD,32122681344.0,53.23226,18.218954,0.19,4.449658,15.784,2089900032.0,0.10168,0.08312,0.0675,65.055,0.0,2.052,134.92,44.56,1.55,0.092,2026-10-08 01:38 UTC
ORCL,Oracle Corporation,Technology,EQUITY,USD,435202293760.0,22.501566,13.054243,0.81,7.022796,16.598,34432999424.0,0.2636,0.41192,0.06357,251.716,1.38,1.77,322.54,114.5,6.38,0.296,2026-10-08 01:38 UTC
PANW,"Palo Alto Networks, Inc.",Technology,EQUITY,USD,331756273664.0,1013.925,83.12445,2.14,12.022944,212.341,1560000000.0,0.02674,0.01739,0.014040001,9.337,0.0,0.933,432.33,139.57,0.4,0.345,2026-10-08 01:38 UTC
PATH,"UiPath, Inc.",Technology,EQUITY,USD,6811501056.0,19.507462,14.192021,0.41,3.4946523,30.372,184616992.0,0.21031,0.20027,0.03664,4.093,0.0,1.01,19.84,9.2,0.67,0.134,2026-10-08 01:38 UTC
PBR,Petroleo Brasileiro S.A. Petrob,Energy,EQUITY,USD,154600341504.0,6.0580807,5.7993503,6.01,1.6797335,1.927,243035996160.0,0.24317,0.30274,0.10073,76.067,7.04,-0.226,24.76,11.43,3.96,0.423,2026-10-08 01:38 UTC
PEG,Public Service Enterprise Group,Utilities,EQUITY,USD,35756650496.0,17.84577,15.353928,3.39,2.061672,13.498,4463000064.0,0.16041,0.11835,0.03238,142.409,3.74,0.518,87.63,66.15,4.02,-0.089,2026-10-08 01:38 UTC
PEP,"Pepsico, Inc.",Consumer Defensive,EQUITY,USD,169015181312.0,16.216251,13.8863325,1.29,7.6485133,11.204,18882000896.0,0.10785,0.51508,0.08931,238.949,4.71,0.364,171.48,123.47,7.63,0.064,2026-10-08 01:38 UTC
PFE,"Pfizer, Inc.",Healthcare,EQUITY,USD,159590858752.0,36.842106,9.665705,12.58,1.8731602,8.339,25383000064.0,0.06804,0.05014,0.05784,74.253,6.25,0.276,29.21,23.62,0.76,0.026,2026-10-08 01:38 UTC
PG,Procter & Gamble Company (The),Consumer Defensive,EQUITY,USD,343337435136.0,22.329308,19.985075,3.8,6.441801,14.935,24752001024.0,0.18437,0.30290002,0.107209995,64.49,2.93,0.377,167.25,137.62,6.62,0.015,2026-10-08 01:38 UTC
PH,Parker-Hannifin Corporation,Industrials,EQUITY,USD,120158642176.0,33.454704,24.16173,3.3,7.799717,22.659,5664000000.0,0.16968,0.25076,0.09787,56.66,0.81,1.119,1099.94,715.37,28.48,0.098,2026-10-08 01:38 UTC
PLTR,Palantir Technologies Inc.,Technology,EQUITY,USD,466481676288.0,167.34483,82.81004,1.66,47.71878,171.783,2662629888.0,0.49005002,0.38097,0.17292999,2.139,0.0,1.602,207.52,106.37,1.16,0.928,2026-10-08 01:38 UTC
QCOM,QUALCOMM Incorporated,Technology,EQUITY,USD,189135732736.0,20.499998,17.357882,0.8,6.768831,16.083,11998999552.0,0.21013,0.33754003,0.11612,55.21,2.03,1.651,259.92,121.99,8.64,-0.04,2026-10-08 01:38 UTC
RDY,Dr. Reddy's Laboratories Ltd,Healthcare,EQUITY,USD,10220770304.0,27.886364,19.041252,1.67,15.375961,1.007,54671998976.0,0.09996,0.088369995,0.040149998,18.605,0.67,0.25,15.67,11.36,0.44,-0.056,2026-10-08 01:38 UTC
REGN,"Regeneron Pharmaceuticals, Inc.",Healthcare,EQUITY,USD,76404957184.0,18.351137,12.072268,1.26,2.3476565,14.634,4702400000.0,0.27865,0.14043,0.06526,8.535,0.51,0.153,859.34,541.0,40.44,0.167,2026-10-08 01:38 UTC
RIO,Rio Tinto Plc,Basic Materials,EQUITY,USD,151514464256.0,12.623306,10.880483,5.69,2.3137295,7.466,22911000576.0,0.19584998,0.19312,0.08106,31.872,4.85,0.66,112.58,65.35,7.38,0.155,2026-10-08 01:38 UTC
ROK,"Rockwell Automation, Inc.",Industrials,EQUITY,USD,49171959808.0,41.376404,29.634905,1.99,14.044621,24.956,2092000000.0,0.13385001,0.30629,0.0999,103.347,1.22,1.501,497.36,332.71,10.68,0.079,2026-10-08 01:38 UTC
RTX,RTX Corporation,Industrials,EQUITY,USD,242946867200.0,31.735916,22.941547,2.13,3.6601014,17.318,15895000064.0,0.08276,0.12274,0.04212,57.02,1.59,0.308,226.88,155.64,5.68,0.145,2026-10-08 01:38 UTC
SBUX,Starbucks Corporation,Consumer Cyclical,EQUITY,USD,106681204736.0,54.092487,29.986574,1.06,-13.898708,22.248,5642299904.0,0.05172,,0.08022001,,2.58,0.975,110.51,77.99,1.73,-0.014,2026-10-08 01:38 UTC
SCHW,Charles Schwab Corporation (The,Financial Services,EQUITY,USD,165289902080.0,17.409838,12.1051235,0.82,3.7595878,,,0.38793,0.20273,0.020680001,151.106,1.32,0.782,114.53,83.96,5.49,0.209,2026-10-08 01:38 UTC
SEA,U.S. Global Sea to Sky Cargo ET,,ETF,USD,,9.382726,-158.92308,,,,,,,,,4.77,,20.958,13.37,,,2026-10-08 01:38 UTC
SHEL,Shell PLC,Energy,EQUITY,USD,275787874304.0,10.689845,9.291139,1.66,1.4922038,5.424,57605001216.0,0.08756,0.14341,0.06395,40.2,3.2,-0.192,99.155,68.625,9.06,0.447,2026-10-08 01:38 UTC
SLB,SLB Limited,Energy,EQUITY,USD,71179509760.0,23.169083,14.926023,1.32,2.7299633,10.977,7383000064.0,0.08527,0.12909001,0.06172,47.002,2.36,0.839,60.46,31.64,2.07,0.05,2026-10-08 01:38 UTC
SNOW,Snowflake Inc.,Technology,EQUITY,USD,117429485568.0,,110.758026,6.02,54.57452,-113.6,-1036284992.0,-0.20071,-0.48063,-0.090220004,128.57,0.0,1.351,384.56,118.3,-3.18,0.351,2026-10-08 01:38 UTC
SNPS,"Synopsys, Inc.",Technology,EQUITY,USD,96329990144.0,88.81096,27.049978,2.71,3.0916986,49.898,2075485952.0,0.11432999,0.03661,0.01353,34.804,0.0,1.208,539.48,362.55,5.66,0.424,2026-10-08 01:38 UTC
SO,Southern Company (The),Utilities,EQUITY,USD,98287017984.0,20.587952,17.35453,2.02,2.4838655,12.285,14257999872.0,0.15435,0.114829995,0.03271,182.058,3.56,0.301,100.84,81.69,4.15,0.001,2026-10-08 01:38 UTC
SRE,DBA Sempra,Utilities,EQUITY,USD,52109320192.0,23.031792,14.385152,0.7,1.5939276,16.913,5873999872.0,0.16824,0.06679,0.01958,84.663,3.29,0.56,101.04,76.21,3.46,-0.001,2026-10-08 01:38 UTC
SYM,Symbotic Inc.,Industrials,EQUITY,USD,26218350592.0,541.375,56.13012,5.45,8.017402,76.582,56533000.0,0.0031,0.043920003,0.00321,2.278,0.0,1.973,87.88,37.68,0.08,0.217,2026-10-08 01:38 UTC
TCEHY,Tencent Holding Ltd.,Communication Services,EQUITY,USD,481833615360.0,14.697802,12.804602,1.31,2.840823,1.956,297043001344.0,0.29868,0.19906001,0.07867,38.595,1.24,0.742,86.94,52.84,3.64,0.11,2026-10-08 01:38 UTC
TDG,Transdigm Group Incorporated,Industrials,EQUITY,USD,60594675712.0,33.248707,22.686323,3.05,-6.526069,17.937,5095000064.0,0.21277,,0.11817,,0.0,0.935,1463.03,1071.25,32.97,0.225,2026-10-08 01:38 UTC
TECH,Bio-Techne Corp,Healthcare,EQUITY,USD,11374026752.0,62.525864,31.363237,2.11,5.370206,34.114,334105984.0,0.14968,0.09032,0.06671,13.712,0.44,1.295,72.69,43.2,1.16,0.013,2026-10-08 01:38 UTC
TER,"Teradyne, Inc.",Technology,EQUITY,USD,64377995264.0,56.563187,35.338432,0.79,20.503908,42.634,1504893952.0,0.25766,0.36465,0.19745001,2.883,0.12,1.747,487.91,131.75,7.28,1.039,2026-10-08 01:38 UTC
TSM,Taiwan Semiconductor Manufactur,Technology,EQUITY,USD,2449053057024.0,34.31686,21.53696,0.92,97.21482,5.425,3167467077632.0,0.49923,0.39969003,0.19002001,16.504,0.78,1.239,487.47,266.82,13.76,0.36,2026-10-08 01:38 UTC
TT,Trane Technologies plc,Industrials,EQUITY,USD,102810230784.0,34.818928,26.564888,1.68,11.937817,24.633,4308400128.0,0.13278,0.36643,0.110010006,53.404,0.88,1.157,505.87,348.06,13.42,0.106,2026-10-08 01:38 UTC
TTM,,,NONE,,,,,,,,,,,,,,,,,,,2026-10-08 01:38 UTC
TXN,Texas Instruments Incorporated,Technology,EQUITY,USD,263910326272.0,43.98478,27.147402,1.06,14.65193,28.462,9520000000.0,0.31111,0.35176,0.13059,78.036,2.05,1.339,334.03,152.73,6.57,0.228,2026-10-08 01:38 UTC
TXT,Textron Inc.,Industrials,EQUITY,USD,12560203776.0,13.753296,10.064053,0.88,1.5590377,9.128,1680000000.0,0.06125,0.12126,0.045479998,52.285,0.11,0.908,101.57,72.88,5.31,0.03,2026-10-08 01:38 UTC
UL,Unilever PLC,Consumer Defensive,EQUITY,USD,131322814464.0,12.319192,15.936216,6.46,7.2050943,14.673,10876000256.0,0.18319,0.31869,0.08287,175.397,3.49,0.461,74.98,54.75,4.95,0.005,2026-10-08 01:38 UTC
UNH,UnitedHealth Group Incorporated,Healthcare,EQUITY,USD,337477697536.0,24.178778,16.628786,1.02,3.4563022,14.499,26680999936.0,0.03135,0.14152999,0.04871,69.211,2.47,0.615,461.62,255.97,15.55,0.004,2026-10-08 01:38 UTC
V,Visa Inc.,Financial Services,EQUITY,USD,698563887104.0,31.668085,24.799557,1.68,19.71913,22.335,31093999616.0,0.50782,0.6119,0.1911,67.821,0.72,0.771,385.57,293.89,11.75,0.144,2026-10-08 01:38 UTC
VALE,VALE S.A.,Basic Materials,EQUITY,USD,57920929792.0,27.22,7.042982,0.3,1.5575966,1.848,77332996096.0,0.04755,0.041149996,0.07915,54.603,5.99,0.699,17.94,10.71,0.5,0.064,2026-10-08 01:38 UTC
VRTX,Vertex Pharmaceuticals Incorpor,Healthcare,EQUITY,USD,128159989760.0,29.44904,25.148537,1.96,6.326748,23.975,5100499968.0,0.34997,0.23542999,0.11926,9.767,0.0,0.281,560.25,402.58,17.17,0.125,2026-10-08 01:38 UTC
VWCE.DE,Vanguard FTSE All-World U.ETF R,,ETF,EUR,,,,,,,,,,,,,,173.96,138.24,,,2026-10-08 01:38 UTC
WIT,Wipro Limited,Technology,EQUITY,USD,16522040320.0,11.928571,11.141503,1.34,2.048101,-0.934,174871003136.0,0.13919,0.16128999,0.07263,27.398,5.16,0.408,3.09,1.59,0.14,0.106,2026-10-08 01:38 UTC
WM,"Waste Management, Inc.",Industrials,EQUITY,USD,83516497920.0,29.594902,22.936243,1.9,8.419908,13.676,7774000128.0,0.11115,0.29841,0.06566,235.301,1.82,0.43,248.13,194.11,7.06,0.04,2026-10-08 01:38 UTC
WMT,Walmart Inc.,Consumer Defensive,EQUITY,USD,860745826304.0,39.188408,33.540794,3.64,8.744442,21.061,44073000960.0,0.03,0.22313999,0.06414,71.653,0.92,0.578,135.16,98.88,2.76,0.059,2026-10-08 01:38 UTC
WNS,,,,,,,,,,,,,,,,,,,,,,2026-10-08 01:38 UTC
XEL,Xcel Energy Inc.,Utilities,EQUITY,USD,45236015104.0,19.841095,15.959732,1.83,1.8796719,13.861,6122999808.0,0.15278,0.0992,0.02365,173.135,3.26,0.373,84.23,68.72,3.65,-0.051,2026-10-08 01:38 UTC
XOM,ExxonMobil Holdings Corporation,Energy,EQUITY,USD,674559164416.0,21.113256,14.400975,1.45,2.6006658,10.496,67937001472.0,0.09072,0.12584,0.055209998,15.921,2.5,0.209,176.41,110.39,7.77,0.441,2026-10-08 01:38 UTC
ZS,"Zscaler, Inc.",Technology,EQUITY,USD,34820333568.0,,38.12031,2.17,13.401318,757.45,43850000.0,-0.01885,-0.02873,-0.010319999,71.894,0.0,0.936,336.99,114.625,-0.39,0.249,2026-10-08 01:38 UTC
